{
    "0": {
        "precision": 0.9994961035917267,
        "recall": 0.9999648279500557,
        "f1-score": 0.9997304108304519,
        "support": 85295.0
    },
    "1": {
        "precision": 0.9722222222222222,
        "recall": 0.7094594594594594,
        "f1-score": 0.8203125,
        "support": 148.0
    },
    "accuracy": 0.9994616293903538,
    "macro avg": {
        "precision": 0.9858591629069744,
        "recall": 0.8547121437047576,
        "f1-score": 0.9100214554152259,
        "support": 85443.0
    },
    "weighted avg": {
        "precision": 0.9994488611676231,
        "recall": 0.9994616293903538,
        "f1-score": 0.9994196322903385,
        "support": 85443.0
    }
}