{
    "0": {
        "precision": 0.9997401308795388,
        "recall": 0.9922738730288997,
        "f1-score": 0.99599300983213,
        "support": 85295.0
    },
    "1": {
        "precision": 0.16050955414012738,
        "recall": 0.8513513513513513,
        "f1-score": 0.27009646302250806,
        "support": 148.0
    },
    "accuracy": 0.9920297742354552,
    "macro avg": {
        "precision": 0.5801248425098331,
        "recall": 0.9218126121901256,
        "f1-score": 0.6330447364273191,
        "support": 85443.0
    },
    "weighted avg": {
        "precision": 0.9982864585440937,
        "recall": 0.9920297742354552,
        "f1-score": 0.9947356489139995,
        "support": 85443.0
    }
}