{
    "0": {
        "precision": 0.0,
        "recall": 0.0,
        "f1-score": 0.0,
        "support": 85295.0
    },
    "1": {
        "precision": 0.0017321489179921118,
        "recall": 1.0,
        "f1-score": 0.003458307532334007,
        "support": 148.0
    },
    "accuracy": 0.0017321489179921118,
    "macro avg": {
        "precision": 0.0008660744589960559,
        "recall": 0.5,
        "f1-score": 0.0017291537661670035,
        "support": 85443.0
    },
    "weighted avg": {
        "precision": 3.0003398741012436e-06,
        "recall": 0.0017321489179921118,
        "f1-score": 5.99030365021632e-06,
        "support": 85443.0
    }
}