{
    "0": {
        "precision": 0.9997405446204286,
        "recall": 0.9938566152763937,
        "f1-score": 0.9967898969944969,
        "support": 85295.0
    },
    "1": {
        "precision": 0.19384615384615383,
        "recall": 0.8513513513513513,
        "f1-score": 0.3157894736842105,
        "support": 148.0
    },
    "accuracy": 0.9936097749376778,
    "macro avg": {
        "precision": 0.5967933492332912,
        "recall": 0.9226039833138725,
        "f1-score": 0.6562896853393537,
        "support": 85443.0
    },
    "weighted avg": {
        "precision": 0.998344615523433,
        "recall": 0.9936097749376778,
        "f1-score": 0.9956103028481078,
        "support": 85443.0
    }
}