{
    "0": {
        "precision": 0.9997844569512633,
        "recall": 0.9788615979834692,
        "f1-score": 0.9892124048458281,
        "support": 85295.0
    },
    "1": {
        "precision": 0.06725297465080186,
        "recall": 0.8783783783783784,
        "f1-score": 0.1249399327246516,
        "support": 148.0
    },
    "accuracy": 0.9786875460833538,
    "macro avg": {
        "precision": 0.5335187158010326,
        "recall": 0.9286199881809238,
        "f1-score": 0.5570761687852398,
        "support": 85443.0
    },
    "weighted avg": {
        "precision": 0.9981691735532031,
        "recall": 0.9786875460833538,
        "f1-score": 0.987715356218393,
        "support": 85443.0
    }
}