{
    "0": {
        "precision": 0.9982678510820079,
        "recall": 1.0,
        "f1-score": 0.9991331748058428,
        "support": 85295.0
    },
    "1": {
        "precision": 0.0,
        "recall": 0.0,
        "f1-score": 0.0,
        "support": 148.0
    },
    "accuracy": 0.9982678510820079,
    "macro avg": {
        "precision": 0.49913392554100394,
        "recall": 0.5,
        "f1-score": 0.4995665874029214,
        "support": 85443.0
    },
    "weighted avg": {
        "precision": 0.9965387025038898,
        "recall": 0.9982678510820079,
        "f1-score": 0.9974025273581728,
        "support": 85443.0
    }
}