model,roc_auc,average_precision,default_fp,default_fn,default_cost,tuned_threshold,tuned_precision_fraud,tuned_recall_fraud,tuned_cost
NaiveBaseline,0.5,0.0017321489179921118,0,148,148000.0,0.0017254869985822829,0.0017321489179921118,1.0,852950.0
LogisticRegression,0.9682720779868912,0.7040913135351679,1803,18,36030.0,0.006177324337846819,0.16050955414012738,0.8513513513513513,28590.0
RandomForest,0.9333288840162044,0.8116980966094853,3,43,43030.0,0.0035522446280948534,0.19384615384615383,0.8513513513513513,27240.0
